Participant,Task,Completed
Student 1,Task A,True
Student 1,Task B,False
Student 1,Task C,True
Student 1,Task D,True
Student 2,Task A,True
Student 2,Task B,True
Student 2,Task C,True
Student 2,Task D,True
Student 3,Task A,True
Student 3,Task B,True
Student 3,Task C,True
Student 3,Task D,False
Student 4,Task A,True
Student 4,Task B,True
Student 4,Task C,True
Student 4,Task D,True
Student 5,Task A,True
Student 5,Task B,True
Student 5,Task C,True
Student 5,Task D,True
Student 6,Task A,True
Student 6,Task B,True
Student 6,Task C,True
Student 6,Task D,True
Student 7,Task A,True
Student 7,Task B,True
Student 7,Task C,True
Student 7,Task D,True
Student 8,Task A,True
Student 8,Task B,True
Student 8,Task C,True
Student 8,Task D,True
Student 9,Task A,True
Student 9,Task B,False
Student 9,Task C,False
Student 9,Task D,True
Student 10,Task A,True
Student 10,Task B,True
Student 10,Task C,True
Student 10,Task D,True
Student 11,Task A,True
Student 11,Task B,True
Student 11,Task C,True
Student 11,Task D,False
Student 12,Task A,True
Student 12,Task B,True
Student 12,Task C,True
Student 12,Task D,True
Student 13,Task A,True
Student 13,Task B,True
Student 13,Task C,False
Student 13,Task D,True
Student 14,Task A,False
Student 14,Task B,True
Student 14,Task C,True
Student 14,Task D,False
Student 15,Task A,True
Student 15,Task B,True
Student 15,Task C,True
Student 15,Task D,True
Student 16,Task A,True
Student 16,Task B,True
Student 16,Task C,True
Student 16,Task D,True
Student 17,Task A,True
Student 17,Task B,True
Student 17,Task C,True
Student 17,Task D,True
Student 18,Task A,True
Student 18,Task B,False
Student 18,Task C,True
Student 18,Task D,True
Student 19,Task A,True
Student 19,Task B,True
Student 19,Task C,True
Student 19,Task D,True
Student 20,Task A,True
Student 20,Task B,True
Student 20,Task C,True
Student 20,Task D,True
Teacher 1,Task A,True
Teacher 1,Task B,True
Teacher 1,Task C,True
Teacher 1,Task D,True
Teacher 2,Task A,True
Teacher 2,Task B,True
Teacher 2,Task C,True
Teacher 2,Task D,True
Teacher 3,Task A,True
Teacher 3,Task B,True
Teacher 3,Task C,True
Teacher 3,Task D,True
Teacher 4,Task A,True
Teacher 4,Task B,True
Teacher 4,Task C,True
Teacher 4,Task D,True
Teacher 5,Task A,True
Teacher 5,Task B,True
Teacher 5,Task C,True
Teacher 5,Task D,True
Parent 1,Task A,True
Parent 1,Task B,True
Parent 1,Task C,True
Parent 1,Task D,True
Parent 2,Task A,False
Parent 2,Task B,True
Parent 2,Task C,True
Parent 2,Task D,True
Parent 3,Task A,True
Parent 3,Task B,True
Parent 3,Task C,True
Parent 3,Task D,True
Parent 4,Task A,False
Parent 4,Task B,True
Parent 4,Task C,True
Parent 4,Task D,True
Parent 5,Task A,True
Parent 5,Task B,True
Parent 5,Task C,True
Parent 5,Task D,True
